,Timestamp (ms),Left Eye Center X,Left Eye Center Y,Right Eye Center X,Right Eye Center Y,Left Iris Relative Pos Dx,Left Iris Relative Pos Dy,Right Iris Relative Pos Dx,Right Iris Relative Pos Dy,Total Blink Count,Pitch,Yaw,Roll
8010,1730389766003,416.0,296.5,352.0,288.5,76,8,-50,-10,5,-4.99897302848961,27.55015198877905,3.243032634544597
8011,1730389766003,416.0,296.5,352.0,288.5,76,8,-50,-10,5,-4.99897302848961,27.55015198877905,3.243032634544597
8012,1730389766024,416.5,296.5,353.0,288.5,76,8,-49,-10,5,-4.954785743181883,27.388988609606148,3.074754408799273
8013,1730389766024,416.5,296.5,353.0,288.5,76,8,-49,-10,5,-4.954785743181883,27.388988609606148,3.074754408799273
8014,1730389766064,417.0,296.5,352.5,288.5,76,8,-50,-10,5,-4.851298698193332,27.22793601006821,2.9001057443193314
8015,1730389766064,417.0,296.5,352.5,288.5,76,8,-50,-10,5,-4.851298698193332,27.22793601006821,2.9001057443193314
8016,1730389766099,418.0,296.5,353.0,288.5,76,8,-50,-10,5,-4.715843752585858,27.26079580321414,2.753481052518969
8017,1730389766099,418.0,296.5,353.0,288.5,76,8,-50,-10,5,-4.715843752585858,27.26079580321414,2.753481052518969
8018,1730389766131,418.5,296.5,353.9615478515625,289.0384521484375,76,8,-51,-10,5,-4.711224966972782,26.905324263310497,2.632219312087416
8019,1730389766131,418.5,296.5,353.9615478515625,289.0384521484375,76,8,-51,-10,5,-4.711224966972782,26.905324263310497,2.632219312087416
8020,1730389766162,419.0,296.5,354.0384521484375,288.9615478515625,76,8,-51,-11,5,-4.792072724836725,26.77059658871988,2.5565623739065018
8021,1730389766162,419.0,296.5,354.0384521484375,288.9615478515625,76,8,-51,-11,5,-4.792072724836725,26.77059658871988,2.5565623739065018
8022,1730389766203,419.5,296.5,355.0,288.5,75,8,-50,-11,5,-4.796747888324299,26.71248820603705,2.511754124687532
8023,1730389766203,419.5,296.5,355.0,288.5,75,8,-50,-11,5,-4.796747888324299,26.71248820603705,2.511754124687532
8024,1730389766233,420.5,296.5,355.5,288.5,76,9,-50,-11,5,-4.7252608128851765,26.50181050905752,2.4150061536385072
8025,1730389766233,420.5,296.5,355.5,288.5,76,9,-50,-11,5,-4.7252608128851765,26.50181050905752,2.4150061536385072
8026,1730389766266,420.5,296.0,356.0,288.5,75,9,-50,-10,5,-4.657290042577316,26.541223136050508,2.3357247751396635
8027,1730389766266,420.5,296.0,356.0,288.5,75,9,-50,-10,5,-4.657290042577316,26.541223136050508,2.3357247751396635
8028,1730389766299,421.0,296.0,356.9556884765625,288.0316467285156,76,9,-50,-10,5,-4.719088266293465,26.51789618118041,2.309319457988079
8029,1730389766299,421.0,296.0,356.9556884765625,288.0316467285156,76,9,-50,-10,5,-4.719088266293465,26.51789618118041,2.309319457988079
8030,1730389766337,421.5,295.5,357.0,287.5,75,8,-49,-11,5,-4.640118667465945,26.50771000847028,2.2275188184993606
8031,1730389766337,421.5,295.5,357.0,287.5,75,8,-49,-11,5,-4.640118667465945,26.50771000847028,2.2275188184993606
8032,1730389766366,422.0,295.5,357.5,287.5,76,8,-50,-11,5,-4.588401612136423,26.14573132142803,2.1997227671356807
8033,1730389766366,422.0,295.5,357.5,287.5,76,8,-50,-11,5,-4.588401612136423,26.14573132142803,2.1997227671356807
8034,1730389766396,422.5,295.5,357.9615478515625,287.0384521484375,75,9,-50,-10,5,-4.503779022558391,25.91281768587937,2.221996840808376
8035,1730389766396,422.5,295.5,357.9615478515625,287.0384521484375,75,9,-50,-10,5,-4.503779022558391,25.91281768587937,2.221996840808376
8036,1730389766439,422.5,294.5,358.0,287.0,75,8,-49,-10,5,-4.425805133204156,25.65305418983421,2.2231943665800395
8037,1730389766439,422.5,294.5,358.0,287.0,75,8,-49,-10,5,-4.425805133204156,25.65305418983421,2.2231943665800395
8038,1730389766462,422.5,294.5,358.0,286.5,75,8,-50,-11,5,-4.258621023155479,25.60522105200349,2.25215665113846
8039,1730389766462,422.5,294.5,358.0,286.5,75,8,-50,-11,5,-4.258621023155479,25.60522105200349,2.25215665113846
8040,1730389766503,423.0,294.5,358.5,286.5,76,8,-51,-11,5,-4.089954811075264,25.444478688621867,2.2147351360326777
8041,1730389766503,423.0,294.5,358.5,286.5,76,8,-51,-11,5,-4.089954811075264,25.444478688621867,2.2147351360326777
8042,1730389766535,423.5,294.5,358.5,286.5,76,8,-51,-11,5,-3.9442421812979855,25.06289322416346,2.1824322234281563
8043,1730389766535,423.5,294.5,358.5,286.5,76,8,-51,-11,5,-3.9442421812979855,25.06289322416346,2.1824322234281563
8044,1730389766567,423.5,294.5,359.0,287.0,76,8,-50,-10,5,-3.8533059046571054,24.44477093804578,2.1695679611253142
8045,1730389766567,423.5,294.5,359.0,287.0,76,8,-50,-10,5,-3.8533059046571054,24.44477093804578,2.1695679611253142
8046,1730389766609,423.5,294.5,358.5,286.5,76,8,-51,-11,5,-3.912125435924958,24.230571533405534,2.202601277075705
8047,1730389766609,423.5,294.5,358.5,286.5,76,8,-51,-11,5,-3.912125435924958,24.230571533405534,2.202601277075705
8048,1730389766639,424.0,294.5,359.0,286.5,77,8,-51,-11,5,-3.921525999171584,23.77284534119809,2.2130699967244665
8049,1730389766639,424.0,294.5,359.0,286.5,77,8,-51,-11,5,-3.921525999171584,23.77284534119809,2.2130699967244665
8050,1730389766672,424.0,294.5,359.0384521484375,286.9615478515625,77,8,-51,-11,5,-4.086074236432319,23.24445146285915,2.244653878396069
8051,1730389766672,424.0,294.5,359.0384521484375,286.9615478515625,77,8,-51,-11,5,-4.086074236432319,23.24445146285915,2.244653878396069
8052,1730389766715,424.0,294.5,359.0384521484375,286.9615478515625,76,8,-51,-11,5,-4.139263735933033,22.776548928943225,2.308586103876597
8053,1730389766715,424.0,294.5,359.0384521484375,286.9615478515625,76,8,-51,-11,5,-4.139263735933033,22.776548928943225,2.308586103876597
8054,1730389766741,424.0,294.5,359.0,287.5,76,7,-51,-10,5,-4.149016174288224,22.157463136090293,2.3350293291203084
8055,1730389766741,424.0,294.5,359.0,287.5,76,7,-51,-10,5,-4.149016174288224,22.157463136090293,2.3350293291203084
8056,1730389766772,424.0,294.5,359.0,287.5,77,8,-51,-10,5,-4.398587115815616,21.526879646159347,2.3747330404169427
8057,1730389766772,424.0,294.5,359.0,287.5,77,8,-51,-10,5,-4.398587115815616,21.526879646159347,2.3747330404169427
8058,1730389766807,424.0,294.5,359.0,287.5,77,7,-51,-10,5,-4.479056417256313,20.862801315565072,2.3585438132760013
8059,1730389766807,424.0,294.5,359.0,287.5,77,7,-51,-10,5,-4.479056417256313,20.862801315565072,2.3585438132760013
8060,1730389766845,424.0,294.5,359.0,287.5,76,7,-51,-10,5,-4.526706165988495,20.30087459814212,2.4262522713234658
8061,1730389766845,424.0,294.5,359.0,287.5,76,7,-51,-10,5,-4.526706165988495,20.30087459814212,2.4262522713234658
8062,1730389766873,424.5,294.5,359.0,287.5,76,7,-51,-10,5,-4.534324992226553,19.873998368303457,2.469093628199868
8063,1730389766873,424.5,294.5,359.0,287.5,76,7,-51,-10,5,-4.534324992226553,19.873998368303457,2.469093628199868
8064,1730389766910,424.5,294.5,359.5,287.5,76,8,-51,-10,5,-4.537438496786351,19.88862499903194,2.535479702267968
8065,1730389766910,424.5,294.5,359.5,287.5,76,8,-51,-10,5,-4.537438496786351,19.88862499903194,2.535479702267968
8066,1730389766939,425.0,294.5,360.0,287.5,77,7,-51,-10,5,-4.4211942385560405,19.34630045540849,2.495151925813899
8067,1730389766939,425.0,294.5,360.0,287.5,77,7,-51,-10,5,-4.4211942385560405,19.34630045540849,2.495151925813899
8068,1730389766976,425.0,294.0,360.0,287.5,77,8,-51,-10,5,-4.4132514872626185,18.89926510688605,2.476752471840728
8069,1730389766976,425.0,294.0,360.0,287.5,77,8,-51,-10,5,-4.4132514872626185,18.89926510688605,2.476752471840728
8070,1730389767013,425.0,294.0,359.9683532714844,286.9556884765625,76,8,-52,-11,5,-4.22999250310408,18.541058195639387,2.464767009883314
8071,1730389767013,425.0,294.0,359.9683532714844,286.9556884765625,76,8,-52,-11,5,-4.22999250310408,18.541058195639387,2.464767009883314
8072,1730389767055,425.5,294.0,360.5,287.5,76,8,-51,-10,5,-4.203809526951261,18.26003095679585,2.422631578488426
8073,1730389767055,425.5,294.0,360.5,287.5,76,8,-51,-10,5,-4.203809526951261,18.26003095679585,2.422631578488426
8074,1730389767072,425.5,294.0,360.5,287.5,77,8,-52,-10,5,-4.310041674510941,17.844574629649514,2.3990546235917902
8075,1730389767072,425.5,294.0,360.5,287.5,77,8,-52,-10,5,-4.310041674510941,17.844574629649514,2.3990546235917902
8076,1730389767108,425.5,294.0,361.0,287.5,76,7,-51,-10,5,-4.225191302265014,17.35662198706593,2.357705635049593
8077,1730389767108,425.5,294.0,361.0,287.5,76,7,-51,-10,5,-4.225191302265014,17.35662198706593,2.357705635049593
8078,1730389767148,426.0,294.0,361.0,287.5,77,7,-51,-10,5,-4.179007569748595,17.283655460662594,2.347784850235368
8079,1730389767148,426.0,294.0,361.0,287.5,77,7,-51,-10,5,-4.179007569748595,17.283655460662594,2.347784850235368
8080,1730389767174,426.0,294.0,360.9615478515625,286.9615478515625,77,8,-52,-10,5,-4.171202537286565,17.547248117815567,2.286367073730305
8081,1730389767174,426.0,294.0,360.9615478515625,286.9615478515625,77,8,-52,-10,5,-4.171202537286565,17.547248117815567,2.286367073730305
8082,1730389767222,426.0,293.5,361.5,286.5,77,7,-51,-10,5,-4.0561840495221215,17.241099657343167,2.2377125346243263
8083,1730389767222,426.0,293.5,361.5,286.5,77,7,-51,-10,5,-4.0561840495221215,17.241099657343167,2.2377125346243263
8084,1730389767239,425.5,293.5,361.0,286.5,76,7,-51,-10,5,-3.9190881894413216,16.87226238219253,2.172578901911491
8085,1730389767239,425.5,293.5,361.0,286.5,76,7,-51,-10,5,-3.9190881894413216,16.87226238219253,2.172578901911491
8086,1730389767282,425.0,293.0,360.0,286.5,77,7,-51,-10,5,-3.884012228414296,16.525995715174968,2.12168973214114
8087,1730389767282,425.0,293.0,360.0,286.5,77,7,-51,-10,5,-3.884012228414296,16.525995715174968,2.12168973214114
8088,1730389767308,425.0,293.0,360.0,286.5,77,7,-51,-10,5,-3.781244922350416,16.82286100406645,2.036954598084073
8089,1730389767308,425.0,293.0,360.0,286.5,77,7,-51,-10,5,-3.781244922350416,16.82286100406645,2.036954598084073
8090,1730389767349,425.0,293.0,360.0,286.5,77,7,-51,-10,5,-3.8859274700540745,17.16244633238297,1.9705348676086665
8091,1730389767349,425.0,293.0,360.0,286.5,77,7,-51,-10,5,-3.8859274700540745,17.16244633238297,1.9705348676086665
8092,1730389767382,424.5,292.5,360.0,286.5,76,6,-51,-10,5,-3.795097401136399,17.389479739065997,1.9038046374150064
8093,1730389767382,424.5,292.5,360.0,286.5,76,6,-51,-10,5,-3.795097401136399,17.389479739065997,1.9038046374150064
8094,1730389767407,424.5,292.5,360.0384521484375,285.9615478515625,76,7,-51,-10,5,-3.636352184040032,17.417590088474327,1.8543434073910816
8095,1730389767407,424.5,292.5,360.0384521484375,285.9615478515625,76,7,-51,-10,5,-3.636352184040032,17.417590088474327,1.8543434073910816
8096,1730389767451,425.0,292.5,360.0384521484375,285.9615478515625,77,6,-51,-10,5,-3.5210826019171577,17.925425533740494,1.7843674281789088
8097,1730389767451,425.0,292.5,360.0384521484375,285.9615478515625,77,6,-51,-10,5,-3.5210826019171577,17.925425533740494,1.7843674281789088
8098,1730389767482,425.0,293.0,360.0384521484375,285.9615478515625,76,8,-51,-10,5,-3.5202369008995955,18.242050116078705,1.750761414580059
8099,1730389767482,425.0,293.0,360.0384521484375,285.9615478515625,76,8,-51,-10,5,-3.5202369008995955,18.242050116078705,1.750761414580059
8100,1730389767517,425.0,293.0,360.0,286.5,76,7,-51,-10,5,-3.453984909330305,17.926535004230686,1.6874647715279218
8101,1730389767517,425.0,293.0,360.0,286.5,76,7,-51,-10,5,-3.453984909330305,17.926535004230686,1.6874647715279218
8102,1730389767551,425.0,293.0,360.5,286.5,76,7,-52,-10,5,-3.55237859350326,17.998782759289615,1.678474737291575
8103,1730389767551,425.0,293.0,360.5,286.5,76,7,-52,-10,5,-3.55237859350326,17.998782759289615,1.678474737291575
8104,1730389767584,425.5,292.5,361.0,286.5,76,6,-51,-9,5,-3.718908140274067,18.01469195933925,1.6380021577426982
8105,1730389767584,425.5,292.5,361.0,286.5,76,6,-51,-9,5,-3.718908140274067,18.01469195933925,1.6380021577426982
8106,1730389767615,426.0,293.0,361.5,286.5,76,8,-51,-10,5,-3.6666065630321993,17.816982806053684,1.6493138504506888
8107,1730389767615,426.0,293.0,361.5,286.5,76,8,-51,-10,5,-3.6666065630321993,17.816982806053684,1.6493138504506888
8108,1730389767652,427.5,292.5,363.0,286.5,76,6,-50,-9,5,-3.537436347134385,17.345277682697265,1.696732421384464
8109,1730389767652,427.5,292.5,363.0,286.5,76,6,-50,-9,5,-3.537436347134385,17.345277682697265,1.696732421384464
8110,1730389767680,428.0,293.0,363.0,286.5,77,7,-50,-9,5,-3.34224504704172,16.26203322354464,1.7396879605651223
8111,1730389767680,428.0,293.0,363.0,286.5,77,7,-50,-9,5,-3.34224504704172,16.26203322354464,1.7396879605651223
8112,1730389767716,429.0,293.0,363.5,286.5,78,7,-51,-9,5,-3.29935377087514,15.48790493277398,1.7469308508559758
8113,1730389767716,429.0,293.0,363.5,286.5,78,7,-51,-9,5,-3.29935377087514,15.48790493277398,1.7469308508559758
8114,1730389767748,429.5,293.0,364.5,286.5,77,7,-51,-9,5,-3.358157013795932,14.826379007263132,1.7439664138368398
8115,1730389767748,429.5,293.0,364.5,286.5,77,7,-51,-9,5,-3.358157013795932,14.826379007263132,1.7439664138368398
8116,1730389767780,430.5,293.5,365.0,286.5,77,7,-51,-10,5,-3.397617991964214,13.853002898799613,1.7297859994324591
8117,1730389767780,430.5,293.5,365.0,286.5,77,7,-51,-10,5,-3.397617991964214,13.853002898799613,1.7297859994324591
8118,1730389767822,432.5,294.5,367.5,288.5,78,7,-51,-9,5,-3.408788602873315,12.629768706588774,1.711373058363436
8119,1730389767822,432.5,294.5,367.5,288.5,78,7,-51,-9,5,-3.408788602873315,12.629768706588774,1.711373058363436
8120,1730389767853,433.5,295.0,368.5,289.5,77,7,-52,-8,5,-3.543619885836197,11.347262405797093,1.752906815726596
8121,1730389767853,433.5,295.0,368.5,289.5,77,7,-52,-8,5,-3.543619885836197,11.347262405797093,1.752906815726596
8122,1730389767889,435.0,295.0,370.0,289.5,79,6,-50,-9,5,-3.662982067854784,10.12048955434811,1.713474200780177
8123,1730389767889,435.0,295.0,370.0,289.5,79,6,-50,-9,5,-3.662982067854784,10.12048955434811,1.713474200780177
8124,1730389767916,435.5,295.0,370.5,289.5,78,7,-51,-8,5,-3.70881784620806,8.880783283397797,1.735978486460641
8125,1730389767916,435.5,295.0,370.5,289.5,78,7,-51,-8,5,-3.70881784620806,8.880783283397797,1.735978486460641
8126,1730389767951,436.0,295.0,371.5,289.5,79,7,-51,-9,5,-3.7955316334326223,8.186431043755722,1.735580242746539
8127,1730389767951,436.0,295.0,371.5,289.5,79,7,-51,-9,5,-3.7955316334326223,8.186431043755722,1.735580242746539
8128,1730389767981,437.0,295.0,372.0,289.5,80,7,-50,-9,5,-3.886593863496604,6.9357268743194656,1.7344655501840007
8129,1730389767981,437.0,295.0,372.0,289.5,80,7,-50,-9,5,-3.886593863496604,6.9357268743194656,1.7344655501840007
8130,1730389768017,437.0,295.0,372.5,289.5,79,7,-51,-9,5,-3.9887266401081938,6.141351410685417,1.7257298063661004
8131,1730389768017,437.0,295.0,372.5,289.5,79,7,-51,-9,5,-3.9887266401081938,6.141351410685417,1.7257298063661004
8132,1730389768055,437.0,295.0,372.5,289.5,79,7,-51,-9,5,-4.050281159096642,5.126747435068339,1.747434589984107
8133,1730389768055,437.0,295.0,372.5,289.5,79,7,-51,-9,5,-4.050281159096642,5.126747435068339,1.747434589984107
8134,1730389768087,437.5,295.0,372.5,289.5,79,7,-52,-9,5,-3.98303297106828,4.347807572248609,1.74308473816449
8135,1730389768087,437.5,295.0,372.5,289.5,79,7,-52,-9,5,-3.98303297106828,4.347807572248609,1.74308473816449
8136,1730389768126,437.5,294.5,372.5,289.5,79,6,-52,-8,5,-3.9152619715073302,3.360435765666782,1.7693547333915092
8137,1730389768126,437.5,294.5,372.5,289.5,79,6,-52,-8,5,-3.9152619715073302,3.360435765666782,1.7693547333915092
8138,1730389768155,437.5,294.5,373.0,289.5,79,6,-51,-8,5,-3.8942602128295833,2.4504698547756565,1.7738531937318287
8139,1730389768155,437.5,294.5,373.0,289.5,79,6,-51,-8,5,-3.8942602128295833,2.4504698547756565,1.7738531937318287
8140,1730389768190,437.5,295.0,373.5,289.5,78,7,-51,-8,5,-3.665000010634426,1.9739739474881544,1.75950633727743
8141,1730389768190,437.5,295.0,373.5,289.5,78,7,-51,-8,5,-3.665000010634426,1.9739739474881544,1.75950633727743
8142,1730389768229,437.5,295.0,373.5,289.5,78,7,-51,-8,5,-3.4118995877710425,1.5850464774497413,1.7900251726684937
8143,1730389768229,437.5,295.0,373.5,289.5,78,7,-51,-8,5,-3.4118995877710425,1.5850464774497413,1.7900251726684937
8144,1730389768254,437.5,294.5,373.5,289.5,78,6,-51,-8,5,-3.0766047697436143,1.017315642258275,1.79691954763374
8145,1730389768254,437.5,294.5,373.5,289.5,78,6,-51,-8,5,-3.0766047697436143,1.017315642258275,1.79691954763374
8146,1730389768290,437.5,294.5,373.5,289.5,78,6,-51,-8,5,-2.9532215627344307,0.2896605531866232,1.7841091211903768
8147,1730389768290,437.5,294.5,373.5,289.5,78,6,-51,-8,5,-2.9532215627344307,0.2896605531866232,1.7841091211903768
8148,1730389768331,437.0,293.5,372.5,288.5,78,6,-52,-8,5,-2.7600258382117038,-0.1945907344285169,1.799327229752807
8149,1730389768331,437.0,293.5,372.5,288.5,78,6,-52,-8,5,-2.7600258382117038,-0.1945907344285169,1.799327229752807
8150,1730389768363,437.0,292.5,372.0,287.5,79,5,-51,-8,5,-2.6366588443572656,-0.3665887598791295,1.7190970523354068
8151,1730389768363,437.0,292.5,372.0,287.5,79,5,-51,-8,5,-2.6366588443572656,-0.3665887598791295,1.7190970523354068
8152,1730389768394,436.5,292.5,371.5,287.5,77,5,-52,-8,5,-2.552767803507521,-0.4518185714912066,1.652693165305049
8153,1730389768394,436.5,292.5,371.5,287.5,77,5,-52,-8,5,-2.552767803507521,-0.4518185714912066,1.652693165305049
8154,1730389768426,436.5,292.0,371.5,287.5,77,5,-52,-8,5,-2.438508527894018,-0.6775695889661577,1.615464081394267
8155,1730389768426,436.5,292.0,371.5,287.5,77,5,-52,-8,5,-2.438508527894018,-0.6775695889661577,1.615464081394267
8156,1730389768461,436.5,292.0,371.5,287.5,78,6,-51,-8,5,-2.3705375536818227,-0.6543078765268442,1.5932918846045483
8157,1730389768461,436.5,292.0,371.5,287.5,78,6,-51,-8,5,-2.3705375536818227,-0.6543078765268442,1.5932918846045483
8158,1730389768495,436.5,292.0,371.5,286.5,78,6,-51,-9,5,-2.3553625041309854,-0.4134541337396067,1.5367970742042436
8159,1730389768495,436.5,292.0,371.5,286.5,78,6,-51,-9,5,-2.3553625041309854,-0.4134541337396067,1.5367970742042436
8160,1730389768535,436.5,292.0,371.5,286.5,78,6,-51,-9,5,-2.458346159324384,-0.2438744841582174,1.4791051713791967
8161,1730389768535,436.5,292.0,371.5,286.5,78,6,-51,-9,5,-2.458346159324384,-0.2438744841582174,1.4791051713791967
8162,1730389768561,436.5,292.0,371.5,286.5,78,6,-52,-9,5,-2.5832378381845897,-0.1706689580344926,1.415311203974455
8163,1730389768561,436.5,292.0,371.5,286.5,78,6,-52,-9,5,-2.5832378381845897,-0.1706689580344926,1.415311203974455
8164,1730389768601,436.5,292.0,371.5,286.5,78,6,-51,-9,5,-2.7499519114766717,0.1755587331492503,1.3608417469196397
8165,1730389768601,436.5,292.0,371.5,286.5,78,6,-51,-9,5,-2.7499519114766717,0.1755587331492503,1.3608417469196397
8166,1730389768633,436.5,292.0,371.5,286.5,78,6,-51,-9,5,-2.8167089396764275,0.5030534212760038,1.3208244076954705
8167,1730389768633,436.5,292.0,371.5,286.5,78,6,-51,-9,5,-2.8167089396764275,0.5030534212760038,1.3208244076954705
8168,1730389768667,436.0,292.0,371.5,286.5,78,6,-51,-9,5,-2.8064089638470424,0.7314542992894157,1.2828903130533238
8169,1730389768667,436.0,292.0,371.5,286.5,78,6,-51,-9,5,-2.8064089638470424,0.7314542992894157,1.2828903130533238
8170,1730389768696,436.0,292.0,371.5,286.5,78,6,-51,-9,5,-2.73364567000986,0.7489197377940657,1.3373396807373208
8171,1730389768696,436.0,292.0,371.5,286.5,78,6,-51,-9,5,-2.73364567000986,0.7489197377940657,1.3373396807373208
8172,1730389768731,436.0,292.0,371.5,286.5,78,6,-51,-9,5,-2.6838609454176314,0.8644735072308984,1.3514572589766
8173,1730389768731,436.0,292.0,371.5,286.5,78,6,-51,-9,5,-2.6838609454176314,0.8644735072308984,1.3514572589766
8174,1730389768767,436.5,292.0,372.0,286.5,78,5,-51,-9,5,-2.8705662570159856,1.1048496525269558,1.3303397990779686
8175,1730389768767,436.5,292.0,372.0,286.5,78,5,-51,-9,5,-2.8705662570159856,1.1048496525269558,1.3303397990779686
8176,1730389768805,437.5,293.0,373.0,288.5,79,6,-50,-8,5,-2.992160926752097,1.1844822913953363,1.3250742087649812
8177,1730389768805,437.5,293.0,373.0,288.5,79,6,-50,-8,5,-2.992160926752097,1.1844822913953363,1.3250742087649812
8178,1730389768829,437.5,293.0,372.5,288.5,78,6,-53,-8,5,-3.018625708975069,0.95962398912327,1.3487483771815496
8179,1730389768829,437.5,293.0,372.5,288.5,78,6,-53,-8,5,-3.018625708975069,0.95962398912327,1.3487483771815496
8180,1730389768866,438.0,293.0,373.5,288.5,80,6,-51,-8,5,-2.92098978893352,0.7109610344886015,1.348005105462989
8181,1730389768866,438.0,293.0,373.5,288.5,80,6,-51,-8,5,-2.92098978893352,0.7109610344886015,1.348005105462989
8182,1730389768904,438.0,293.0,373.5,288.5,79,6,-52,-8,5,-2.902927287216448,0.5723863853798248,1.336468487067251
8183,1730389768904,438.0,293.0,373.5,288.5,79,6,-52,-8,5,-2.902927287216448,0.5723863853798248,1.336468487067251
8184,1730389768936,438.5,293.5,373.5,288.5,79,5,-52,-8,5,-2.9386209337378,0.2902846129401366,1.2887418646396165
8185,1730389768936,438.5,293.5,373.5,288.5,79,5,-52,-8,5,-2.9386209337378,0.2902846129401366,1.2887418646396165
8186,1730389768972,438.5,294.0,373.5,288.5,79,6,-53,-8,5,-2.924691058760752,-0.033045700285049,1.2538607611343835
8187,1730389768972,438.5,294.0,373.5,288.5,79,6,-53,-8,5,-2.924691058760752,-0.033045700285049,1.2538607611343835
8188,1730389769002,439.0,293.0,373.5,288.5,79,5,-53,-8,5,-2.9603343895686045,-0.3537491292435826,1.2040160122797836
8189,1730389769002,439.0,293.0,373.5,288.5,79,5,-53,-8,5,-2.9603343895686045,-0.3537491292435826,1.2040160122797836
8190,1730389769030,439.5,293.0,374.5,288.5,79,5,-52,-8,5,-2.9959777203764557,-0.6744525582021179,1.1541712634251835
8191,1730389769030,439.5,293.0,374.5,288.5,79,5,-52,-8,5,-2.9959777203764557,-0.6744525582021179,1.1541712634251835
8192,1730389769079,440.0,293.0,374.5,288.5,80,5,-52,-8,5,-2.963784427637861,-1.0754010877990563,1.1460866679420303
8193,1730389769079,440.0,293.0,374.5,288.5,80,5,-52,-8,5,-2.963784427637861,-1.0754010877990563,1.1460866679420303
8194,1730389769097,440.0,293.0,374.5,288.5,79,5,-52,-8,5,-2.7646386672563352,-1.4451786990976343,1.1665004188009789
8195,1730389769097,440.0,293.0,374.5,288.5,79,5,-52,-8,5,-2.7646386672563352,-1.4451786990976343,1.1665004188009789
8196,1730389769142,440.0,293.0,374.5,288.5,79,6,-53,-8,5,-2.572990202234041,-1.809457878152247,1.1648122142022257
8197,1730389769142,440.0,293.0,374.5,288.5,79,6,-53,-8,5,-2.572990202234041,-1.809457878152247,1.1648122142022257
8198,1730389769166,440.5,293.0,374.5,288.5,79,6,-52,-8,5,-2.419552868588366,-1.9541724150467996,1.148858656636949
8199,1730389769166,440.5,293.0,374.5,288.5,79,6,-52,-8,5,-2.419552868588366,-1.9541724150467996,1.148858656636949
8200,1730389769203,440.5,293.5,374.5,288.5,79,6,-52,-8,5,-2.380992663109057,-2.171295314083392,1.1710957545425216
8201,1730389769203,440.5,293.5,374.5,288.5,79,6,-52,-8,5,-2.380992663109057,-2.171295314083392,1.1710957545425216
8202,1730389769242,440.5,293.5,374.5,288.5,79,6,-52,-8,5,-2.272082613403424,-2.402293504141233,1.190352983789552
8203,1730389769242,440.5,293.5,374.5,288.5,79,6,-52,-8,5,-2.272082613403424,-2.402293504141233,1.190352983789552
8204,1730389769277,440.0,293.0,374.5,288.5,79,6,-52,-8,5,-1.9895071599079213,-2.6989186609744555,1.258614345726981
8205,1730389769277,440.0,293.0,374.5,288.5,79,6,-52,-8,5,-1.9895071599079213,-2.6989186609744555,1.258614345726981
8206,1730389769311,440.0,293.0,374.5,288.5,79,6,-52,-8,5,-1.807664322237895,-2.9196996258139576,1.312980947425893
8207,1730389769311,440.0,293.0,374.5,288.5,79,6,-52,-8,5,-1.807664322237895,-2.9196996258139576,1.312980947425893
8208,1730389769339,440.0,293.0,374.5,288.5,80,5,-52,-8,5,-1.77790109124368,-2.965126161049421,1.2914344764980203
8209,1730389769339,440.0,293.0,374.5,288.5,80,5,-52,-8,5,-1.77790109124368,-2.965126161049421,1.2914344764980203
8210,1730389769370,439.5,293.0,373.5,288.5,79,6,-53,-7,5,-1.761596951183824,-2.8936056534394643,1.2959377469720073
8211,1730389769370,439.5,293.0,373.5,288.5,79,6,-53,-7,5,-1.761596951183824,-2.8936056534394643,1.2959377469720073
8212,1730389769432,438.5,292.5,373.5,288.0,79,4,-52,-7,5,-1.7105566145755775,-2.6766195067371834,1.1686217428038042
8213,1730389769432,438.5,292.5,373.5,288.0,79,4,-52,-7,5,-1.7105566145755775,-2.6766195067371834,1.1686217428038042
8214,1730389769448,437.0,292.0,371.5,287.0,78,6,-53,-7,5,-1.4879444306688496,-2.79601064098594,1.1549334874886368
8215,1730389769448,437.0,292.0,371.5,287.0,78,6,-53,-7,5,-1.4879444306688496,-2.79601064098594,1.1549334874886368
8216,1730389769468,435.5,291.0,371.5,286.5,77,5,-51,-8,5,-1.494451553239287,-2.6065563059370644,1.1059465573327718
8217,1730389769468,435.5,291.0,371.5,286.5,77,5,-51,-8,5,-1.494451553239287,-2.6065563059370644,1.1059465573327718
8218,1730389769501,434.5,290.5,370.0,286.5,76,4,-51,-7,5,-1.4315329553129033,-2.612415953670109,1.159650744253501
8219,1730389769501,434.5,290.5,370.0,286.5,76,4,-51,-7,5,-1.4315329553129033,-2.612415953670109,1.159650744253501
8220,1730389769535,433.0,290.0,369.0,285.5,76,5,-51,-8,5,-1.302471395850409,-2.3989324505210083,1.1633534410875903
8221,1730389769535,433.0,290.0,369.0,285.5,76,5,-51,-8,5,-1.302471395850409,-2.3989324505210083,1.1633534410875903
8222,1730389769576,432.0,290.0,367.5,285.5,76,5,-52,-8,5,-1.3043580765471372,-1.603956315104381,1.146179907290091
8223,1730389769576,432.0,290.0,367.5,285.5,76,5,-52,-8,5,-1.3043580765471372,-1.603956315104381,1.146179907290091
8224,1730389769605,430.5,289.5,366.0,284.5,75,5,-51,-8,5,-1.4078845829200386,-1.0147421137888513,1.1281172144282725
8225,1730389769605,430.5,289.5,366.0,284.5,75,5,-51,-8,5,-1.4078845829200386,-1.0147421137888513,1.1281172144282725
8226,1730389769643,430.5,289.5,366.0,284.5,76,5,-51,-8,5,-1.4551678116933235,-0.534220048864654,1.044956798539701
8227,1730389769643,430.5,289.5,366.0,284.5,76,5,-51,-8,5,-1.4551678116933235,-0.534220048864654,1.044956798539701
8228,1730389769674,430.0454406738281,289.0454406738281,366.0,284.5,76,5,-51,-8,5,-1.4754467322486535,-0.2792114254558457,1.008279511681561
8229,1730389769674,430.0454406738281,289.0454406738281,366.0,284.5,76,5,-51,-8,5,-1.4754467322486535,-0.2792114254558457,1.008279511681561
8230,1730389769711,430.0,289.5,366.5,285.5,76,4,-51,-7,5,-1.4693537092510498,0.4575783174406611,0.8537830520792089
8231,1730389769711,430.0,289.5,366.5,285.5,76,4,-51,-7,5,-1.4693537092510498,0.4575783174406611,0.8537830520792089
8232,1730389769771,430.5,289.0,367.5,285.5,77,4,-49,-6,5,-1.7215283262469685,0.6518732131200435,0.8415219619200647
8233,1730389769771,430.5,289.0,367.5,285.5,77,4,-49,-6,5,-1.7215283262469685,0.6518732131200435,0.8415219619200647
8234,1730389769797,430.5,289.0,367.5,286.5,77,4,-50,-6,5,-2.111566175808977,1.2287752793794438,0.6052293572893217
8235,1730389769797,430.5,289.0,367.5,286.5,77,4,-50,-6,5,-2.111566175808977,1.2287752793794438,0.6052293572893217
8236,1730389769818,429.5,289.0,366.5,285.5,78,4,-50,-6,5,-2.2806684137744977,1.43067244589776,0.3093861788741776
8237,1730389769818,429.5,289.0,366.5,285.5,78,4,-50,-6,5,-2.2806684137744977,1.43067244589776,0.3093861788741776
8238,1730389769847,430.0,289.0,365.5,286.0,79,4,-51,-5,5,-2.731481788132246,1.774098366724978,-0.0548392068687397
8239,1730389769847,430.0,289.0,365.5,286.0,79,4,-51,-5,5,-2.731481788132246,1.774098366724978,-0.0548392068687397
8240,1730389769875,429.0,288.0,365.0,286.0,78,2,-51,-5,5,-2.8625996632631825,1.4781657410414475,-0.4058174774186405
8241,1730389769875,429.0,288.0,365.0,286.0,78,2,-51,-5,5,-2.8625996632631825,1.4781657410414475,-0.4058174774186405
8242,1730389769912,429.0,288.0,365.0,286.5,78,2,-50,-5,5,-2.694373319232445,0.2572577431598226,-0.7200923767623371
8243,1730389769912,429.0,288.0,365.0,286.5,78,2,-50,-5,5,-2.694373319232445,0.2572577431598226,-0.7200923767623371
8244,1730389769946,428.5,288.0,364.5,286.0,77,2,-51,-5,5,-2.638400765683631,-0.7432296125324145,-1.0589996038708152
8245,1730389769946,428.5,288.0,364.5,286.0,77,2,-51,-5,5,-2.638400765683631,-0.7432296125324145,-1.0589996038708152
8246,1730389769988,428.0,287.0,364.5,286.0,78,1,-51,-5,5,-2.549630365360011,-1.7260288554121237,-1.3286682343962213
8247,1730389769988,428.0,287.0,364.5,286.0,78,1,-51,-5,5,-2.549630365360011,-1.7260288554121237,-1.3286682343962213
8248,1730389770009,427.0,287.0,363.5,286.0,78,1,-51,-5,5,-2.401119680904645,-2.3779835002767973,-1.5987960918759687
8249,1730389770009,427.0,287.0,363.5,286.0,78,1,-51,-5,5,-2.401119680904645,-2.3779835002767973,-1.5987960918759687
8250,1730389770044,427.0,287.0,363.5,286.0,78,1,-51,-4,5,-2.1510563900331707,-3.6738719799812136,-1.77044854545176
8251,1730389770044,427.0,287.0,363.5,286.0,78,1,-51,-4,5,-2.1510563900331707,-3.6738719799812136,-1.77044854545176
8252,1730389770079,427.0,287.0,363.0,286.0,78,1,-51,-4,5,-1.732995863389112,-4.764284445986381,-1.9739140355015417
8253,1730389770079,427.0,287.0,363.0,286.0,78,1,-51,-4,5,-1.732995863389112,-4.764284445986381,-1.9739140355015417
8254,1730389770112,428.0,287.0,364.5,286.0,78,1,-50,-3,5,-1.3992715119805386,-6.027379106346772,-2.094636714291984
8255,1730389770112,428.0,287.0,364.5,286.0,78,1,-50,-3,5,-1.3992715119805386,-6.027379106346772,-2.094636714291984
8256,1730389770150,429.5,287.0,366.5,286.0,77,1,-49,-4,5,-1.0671127612610125,-7.282425029695076,-2.0740085741892624
8257,1730389770150,429.5,287.0,366.5,286.0,77,1,-49,-4,5,-1.0671127612610125,-7.282425029695076,-2.0740085741892624
8258,1730389770185,430.5,286.5,367.0,286.0,77,0,-49,-3,5,-0.5004287079184451,-8.546301851428908,-2.055466609117932
8259,1730389770185,430.5,286.5,367.0,286.0,77,0,-49,-3,5,-0.5004287079184451,-8.546301851428908,-2.055466609117932
8260,1730389770217,431.5,287.0,368.5,286.0,77,2,-50,-3,5,-0.2545041770579761,-9.410147980833802,-1.962164597698141
8261,1730389770217,431.5,287.0,368.5,286.0,77,2,-50,-3,5,-0.2545041770579761,-9.410147980833802,-1.962164597698141
8262,1730389770247,433.0,287.0,369.5,286.0,79,2,-50,-4,5,-0.1754602200621153,-9.896913441076958,-1.9043545866254188
8263,1730389770247,433.0,287.0,369.5,286.0,79,2,-50,-4,5,-0.1754602200621153,-9.896913441076958,-1.9043545866254188
8264,1730389770285,435.0,287.5,371.0,286.0,79,1,-49,-4,5,-0.1849013477723762,-10.12206791895889,-1.8309707064300524
8265,1730389770285,435.0,287.5,371.0,286.0,79,1,-49,-4,5,-0.1849013477723762,-10.12206791895889,-1.8309707064300524
8266,1730389770318,435.5,288.0,372.5,286.5,78,2,-49,-4,5,-0.031409404835597,-10.379557529123744,-1.7026386697505114
8267,1730389770318,435.5,288.0,372.5,286.5,78,2,-49,-4,5,-0.031409404835597,-10.379557529123744,-1.7026386697505114
8268,1730389770350,436.5,289.0,372.5,287.0,79,3,-50,-5,5,-0.0420527723785344,-10.840115634280888,-1.5892514752789493
8269,1730389770350,436.5,289.0,372.5,287.0,79,3,-50,-5,5,-0.0420527723785344,-10.840115634280888,-1.5892514752789493
8270,1730389770390,436.5,289.5,373.0,287.5,78,2,-50,-5,5,-0.1737376328902282,-11.32579344102606,-1.4540518116002177
8271,1730389770390,436.5,289.5,373.0,287.5,78,2,-50,-5,5,-0.1737376328902282,-11.32579344102606,-1.4540518116002177
8272,1730389770419,437.5,290.0,373.5,288.0,79,3,-51,-4,5,-0.3147141918849225,-11.381259090540762,-1.3125743859948842
8273,1730389770419,437.5,290.0,373.5,288.0,79,3,-51,-4,5,-0.3147141918849225,-11.381259090540762,-1.3125743859948842
8274,1730389770460,437.0,291.0,372.5,288.5,79,4,-52,-5,5,-0.5168102464527724,-11.263708377656688,-1.1371483597059564
8275,1730389770460,437.0,291.0,372.5,288.5,79,4,-52,-5,5,-0.5168102464527724,-11.263708377656688,-1.1371483597059564
8276,1730389770487,436.0,292.0,372.0,289.5,79,3,-50,-6,5,-0.7351360213437461,-10.875392446927789,-1.0665529497945476
8277,1730389770487,436.0,292.0,372.0,289.5,79,3,-50,-6,5,-0.7351360213437461,-10.875392446927789,-1.0665529497945476
8278,1730389770527,434.0,294.0,371.0,291.5,78,4,-50,-5,5,-1.0707308041255228,-10.32715025369586,-1.0221402880002262
8279,1730389770527,434.0,294.0,371.0,291.5,78,4,-50,-5,5,-1.0707308041255228,-10.32715025369586,-1.0221402880002262
8280,1730389770554,433.5,296.0,368.5,293.0,79,4,-52,-5,5,-1.5000805935854542,-9.4928352923663,-1.0928304591991032
8281,1730389770554,433.5,296.0,368.5,293.0,79,4,-52,-5,5,-1.5000805935854542,-9.4928352923663,-1.0928304591991032
8282,1730389770585,432.5,297.0,368.5,293.5,78,4,-52,-5,5,-2.0623215853164085,-8.565087766352601,-1.1222233005011788
8283,1730389770585,432.5,297.0,368.5,293.5,78,4,-52,-5,5,-2.0623215853164085,-8.565087766352601,-1.1222233005011788
8284,1730389770623,432.0,296.5,367.5,294.0,79,3,-52,-4,5,-2.4512146418624354,-7.921738536674197,-1.159145939534428
8285,1730389770623,432.0,296.5,367.5,294.0,79,3,-52,-4,5,-2.4512146418624354,-7.921738536674197,-1.159145939534428
8286,1730389770657,430.5,296.0,366.0,293.5,79,3,-52,-5,5,-2.894892191010854,-6.954024616210202,-1.255406225448373
8287,1730389770657,430.5,296.0,366.0,293.5,79,3,-52,-5,5,-2.894892191010854,-6.954024616210202,-1.255406225448373
8288,1730389770693,429.5,296.0,366.5,293.0,78,4,-52,-4,5,-3.114590227547229,-6.084407477397478,-1.3264571951887922
8289,1730389770693,429.5,296.0,366.5,293.0,78,4,-52,-4,5,-3.114590227547229,-6.084407477397478,-1.3264571951887922
8290,1730389770723,430.0,293.0,366.5,291.0,78,3,-52,-5,5,-3.254051126295128,-5.306120526132994,-1.380599271091993
8291,1730389770723,430.0,293.0,366.5,291.0,78,3,-52,-5,5,-3.254051126295128,-5.306120526132994,-1.380599271091993
8292,1730389770753,429.5,291.0,366.5,290.0,77,2,-51,-4,5,-3.1911892097296803,-4.913558484051374,-1.428789103885666
8293,1730389770753,429.5,291.0,366.5,290.0,77,2,-51,-4,5,-3.1911892097296803,-4.913558484051374,-1.428789103885666
8294,1730389770791,430.0,290.5,367.0,289.0,78,1,-49,-5,5,-2.9703845367000525,-4.740753114336511,-1.5346508450917282
8295,1730389770791,430.0,290.5,367.0,289.0,78,1,-49,-5,5,-2.9703845367000525,-4.740753114336511,-1.5346508450917282
8296,1730389770830,430.0,290.0,366.5,289.0,78,2,-51,-4,5,-2.841273337478791,-4.760267568404152,-1.5678053855021303
8297,1730389770830,430.0,290.0,366.5,289.0,78,2,-51,-4,5,-2.841273337478791,-4.760267568404152,-1.5678053855021303
8298,1730389770859,430.5,290.0,366.5,288.0,78,2,-51,-4,5,-2.577387107944236,-5.001087554231671,-1.61314935860745
8299,1730389770859,430.5,290.0,366.5,288.0,78,2,-51,-4,5,-2.577387107944236,-5.001087554231671,-1.61314935860745
8300,1730389770891,431.0,290.0,366.5,288.0,79,3,-51,-4,5,-2.296394372133082,-5.435800106158459,-1.5956885724709342
8301,1730389770891,431.0,290.0,366.5,288.0,79,3,-51,-4,5,-2.296394372133082,-5.435800106158459,-1.5956885724709342
8302,1730389770926,430.5,290.0,367.5,288.0,77,3,-50,-4,5,-1.7401482811474498,-6.2829207143944,-1.560910530967106
8303,1730389770926,430.5,290.0,367.5,288.0,77,3,-50,-4,5,-1.7401482811474498,-6.2829207143944,-1.560910530967106
8304,1730389770962,432.0,289.0,368.5,288.0,78,1,-51,-4,5,-1.3326245794593543,-7.024257644036509,-1.5814933856504263
8305,1730389770962,432.0,289.0,368.5,288.0,78,1,-51,-4,5,-1.3326245794593543,-7.024257644036509,-1.5814933856504263
8306,1730389770994,433.0,289.0,369.5,288.0,79,1,-51,-4,5,-0.9910410336898484,-7.887852544763569,-1.5660016777079426
8307,1730389770994,433.0,289.0,369.5,288.0,79,1,-51,-4,5,-0.9910410336898484,-7.887852544763569,-1.5660016777079426
8308,1730389771023,434.5,290.0,370.5,288.0,78,2,-51,-4,5,-0.7702304837584872,-8.670925873144636,-1.5358031299004224
8309,1730389771023,434.5,290.0,370.5,288.0,78,2,-51,-4,5,-0.7702304837584872,-8.670925873144636,-1.5358031299004224
8310,1730389771063,435.5,289.0,371.5,288.0,78,1,-51,-4,5,-0.6719862070609821,-9.37813682990916,-1.5982778264238775
8311,1730389771063,435.5,289.0,371.5,288.0,78,1,-51,-4,5,-0.6719862070609821,-9.37813682990916,-1.5982778264238775
8312,1730389771088,436.0,290.0,372.5,288.0,77,2,-51,-4,5,-0.5769652907346536,-9.81008772006766,-1.5987217857297558
8313,1730389771088,436.0,290.0,372.5,288.0,77,2,-51,-4,5,-0.5769652907346536,-9.81008772006766,-1.5987217857297558
8314,1730389771118,437.5,289.0,373.5,288.0,78,2,-51,-4,5,-0.5570762956474713,-10.197047830827705,-1.531704676837243
8315,1730389771118,437.5,289.0,373.5,288.0,78,2,-51,-4,5,-0.5570762956474713,-10.197047830827705,-1.531704676837243
8316,1730389771157,439.5,289.0,376.0,288.0,78,2,-50,-4,5,-0.3662258018947657,-10.540656039300265,-1.4825269160149226
8317,1730389771157,439.5,289.0,376.0,288.0,78,2,-50,-4,5,-0.3662258018947657,-10.540656039300265,-1.4825269160149226
8318,1730389771189,440.5,289.5,377.0,288.0,79,2,-49,-4,5,-0.1640693558221162,-10.771656858517629,-1.4004244979961362
8319,1730389771189,440.5,289.5,377.0,288.0,79,2,-49,-4,5,-0.1640693558221162,-10.771656858517629,-1.4004244979961362
8320,1730389771225,441.0,289.0,378.0,288.0,78,2,-49,-4,5,-0.0333271340896406,-11.160545148127635,-1.334111970563664
8321,1730389771225,441.0,289.0,378.0,288.0,78,2,-49,-4,5,-0.0333271340896406,-11.160545148127635,-1.334111970563664
8322,1730389771261,442.5,289.0,378.5,288.0,78,2,-50,-4,5,-0.0196995898262004,-11.322515968352658,-1.2495464537861192
8323,1730389771261,442.5,289.0,378.5,288.0,78,2,-50,-4,5,-0.0196995898262004,-11.322515968352658,-1.2495464537861192
8324,1730389771295,444.0,289.5,380.5,288.0,79,2,-49,-4,5,0.0720813221225622,-11.453812330879494,-1.1422591378568565
8325,1730389771295,444.0,289.5,380.5,288.0,79,2,-49,-4,5,0.0720813221225622,-11.453812330879494,-1.1422591378568565
8326,1730389771329,445.0,289.5,381.5,287.5,79,2,-49,-5,5,0.153642156459651,-11.67195699909276,-1.024529151620321
8327,1730389771329,445.0,289.5,381.5,287.5,79,2,-49,-5,5,0.153642156459651,-11.67195699909276,-1.024529151620321
8328,1730389771369,446.0,289.5,381.5,287.0,80,2,-50,-5,5,0.3128420191142762,-11.862322197245335,-0.9484979598952852
8329,1730389771369,446.0,289.5,381.5,287.0,80,2,-50,-5,5,0.3128420191142762,-11.862322197245335,-0.9484979598952852
8330,1730389771392,446.0,290.0,382.5,287.0,78,4,-50,-5,5,0.4614251489037713,-12.153366035739545,-0.7716537641284646
8331,1730389771392,446.0,290.0,382.5,287.0,78,4,-50,-5,5,0.4614251489037713,-12.153366035739545,-0.7716537641284646
8332,1730389771425,446.5,290.0,383.5,288.0,79,3,-49,-4,5,0.4257882411280604,-12.339367268148631,-0.7326682832483173
8333,1730389771425,446.5,290.0,383.5,288.0,79,3,-49,-4,5,0.4257882411280604,-12.339367268148631,-0.7326682832483173
8334,1730389771461,446.5,290.0,383.5,288.0,78,3,-50,-4,5,0.4157711563125756,-12.583317955591564,-0.7042102432302064
8335,1730389771461,446.5,290.0,383.5,288.0,78,3,-50,-4,5,0.4157711563125756,-12.583317955591564,-0.7042102432302064
8336,1730389771498,447.5,289.5,383.5,287.5,79,2,-51,-5,5,0.3731109181486145,-12.842088062837025,-0.6484392123235065
8337,1730389771498,447.5,289.5,383.5,287.5,79,2,-51,-5,5,0.3731109181486145,-12.842088062837025,-0.6484392123235065
8338,1730389771533,447.5,289.5,384.0,287.0,79,2,-50,-5,5,0.3161650084534475,-13.111238689536576,-0.6119766215477205
8339,1730389771533,447.5,289.5,384.0,287.0,79,2,-50,-5,5,0.3161650084534475,-13.111238689536576,-0.6119766215477205
